2,Jolyn,Bragg,jbragg1@go.com
38,Demetris,Golby,dgolby11@privacy.gov.au
82,Ewan,Crosland,ecrosland29@cloudflare.com
98,Durand,Perell,dperell2p@unc.edu
153,Zita,Duiguid,zduiguid48@yahoo.co.jp
188,Enriqueta,Costi,ecosti57@timesonline.co.uk
251,Cly,Durnan,cdurnan6y@imgur.com
252,Bertram,Albrooke,balbrooke6z@printfriendly.com
283,Torrence,Guillard,tguillard7u@acquirethisname.com
307,Otes,Hammonds,ohammonds8i@networkadvertising.org
352,Rafaello,Rouchy,rrouchy9r@hhs.gov
389,Linc,Godridge,lgodridgeas@hc360.com
415,Thaxter,Sisnett,tsisnettbi@hp.com
452,Florinda,Denacamp,fdenacampcj@hibu.com
508,Lisle,Olliar,lolliare3@disqus.com
533,Mohandas,Collis,mcollises@pbs.org
549,Maurie,Ciccetti,mciccettif8@washington.edu
661,Rochelle,Creeboe,rcreeboeic@paypal.com
719,Shaylah,Trammel,strammeljy@chron.com
723,Adore,Spratt,asprattk2@time.com
778,Joby,Bagniuk,jbagniukll@unc.edu
779,Francklyn,Huttley,fhuttleylm@artisteer.com
799,Celia,Matchett,cmatchettm6@usda.gov
859,Lianne,Scampion,lscampionnu@oaic.gov.au
884,Olivie,Corris,ocorrisoj@bizjournals.com
